sample_index,elapsed_seconds,local_time_iso8601,x,y,z,rotation_x,rotation_y,rotation_z,speed_mps,is_in_C,is_in_F,is_in_O,ECG,HR,RMSSD
0,0.000,2026-08-06T14:15:25.3282804+02:00,0.0000,0.0000,1.4400,0.000,0.000,0.000,0.0000,0,0,0,,,
1,0.500,2026-08-06T14:15:26.7596563+02:00,0.0000,0.0000,1.4400,0.000,0.000,0.000,0.0000,0,0,0,,,
2,1.206,2026-08-06T14:15:28.8082893+02:00,0.0000,0.0000,1.4400,0.000,0.000,0.000,0.0000,0,0,0,,,
3,1.712,2026-08-06T14:15:29.3114822+02:00,0.0000,0.0000,1.4400,0.000,0.000,0.000,0.0000,0,0,0,-2030,104,
4,2.214,2026-08-06T14:15:29.8133045+02:00,0.0000,0.0000,1.4400,0.000,0.000,0.000,0.0000,0,0,0,-1778,104,
5,2.718,2026-08-06T14:15:30.3178075+02:00,0.0000,0.0000,1.4400,0.000,0.000,0.000,0.0000,0,0,0,-1625,104,
6,3.222,2026-08-06T14:15:30.8216196+02:00,0.0000,0.0000,1.4400,0.000,0.000,0.000,0.0000,1,0,0,-1569,104,
7,3.724,2026-08-06T14:15:31.3231584+02:00,0.0000,0.0000,1.4400,0.000,0.000,0.000,0.0000,1,0,1,-1452,104,
8,4.232,2026-08-06T14:15:31.8307361+02:00,0.0000,0.0000,1.4400,0.000,0.000,0.000,0.0000,0,1,1,-879,104,
9,4.743,2026-08-06T14:15:32.3422767+02:00,0.0000,0.0000,1.4400,0.000,0.000,0.000,0.0000,0,1,1,-1343,104,
10,5.244,2026-08-06T14:15:32.8430799+02:00,0.0000,0.0000,1.4400,0.000,0.000,0.000,0.0000,0,0,0,-1292,104,
11,5.752,2026-08-06T14:15:33.3516064+02:00,0.0000,0.0000,1.4400,0.000,0.000,0.000,0.0000,0,0,0,-1214,101,
12,6.255,2026-08-06T14:15:33.8540218+02:00,0.0000,0.0000,1.4400,0.000,0.000,0.000,0.0000,0,0,0,-1185,101,
13,6.755,2026-08-06T14:15:34.3549764+02:00,0.0000,0.0000,1.4400,0.000,0.000,0.000,0.0000,0,0,0,-1168,99,13.3026142
14,7.259,2026-08-06T14:15:34.8582135+02:00,0.0000,0.0000,1.4400,0.000,0.000,0.000,0.0000,0,0,0,-1071,99,13.3026142
15,7.761,2026-08-06T14:15:35.3600287+02:00,0.0000,0.0000,1.4400,0.000,0.000,0.000,0.0000,1,0,0,-1090,98,13.0452242
16,8.264,2026-08-06T14:15:35.8631802+02:00,0.0000,0.0000,1.4400,0.000,0.000,0.000,0.0000,1,0,0,-1110,98,13.0452242
17,8.773,2026-08-06T14:15:36.3730433+02:00,0.0000,0.0000,1.4400,0.000,0.000,0.000,0.0000,0,0,1,-1054,97,13.4963617
18,9.275,2026-08-06T14:15:36.8746633+02:00,0.0000,0.0000,1.4400,0.000,0.000,0.000,0.0000,0,1,0,-1044,97,13.4963617
19,9.780,2026-08-06T14:15:37.3794129+02:00,0.0000,0.0000,1.4400,0.000,0.000,0.000,0.0000,0,1,0,-998,96,13.1986542
20,10.290,2026-08-06T14:15:37.8900259+02:00,0.0000,0.0000,1.4400,0.000,0.000,0.000,0.0000,0,0,1,-1010,96,13.1986542
21,10.793,2026-08-06T14:15:38.3920592+02:00,0.0000,0.0000,1.4400,0.000,0.000,0.000,0.0000,1,0,0,-983,96,6.21054173
22,11.299,2026-08-06T14:15:38.8978591+02:00,0.0000,0.0000,1.4400,0.000,0.000,0.000,0.0000,0,0,0,-944,96,6.21054173
23,11.804,2026-08-06T14:15:39.4041861+02:00,0.0000,0.0000,1.4400,0.000,0.000,0.000,0.0000,0,0,0,-502,95,6.58325148
24,12.312,2026-08-06T14:15:39.9117976+02:00,0.0000,0.0000,1.4400,0.000,0.000,0.000,0.0000,0,0,0,-704,95,6.58325148
25,12.817,2026-08-06T14:15:40.4166449+02:00,0.0000,0.0000,1.4400,0.000,0.000,0.000,0.0000,0,0,0,-959,95,11.2463799
26,13.319,2026-08-06T14:15:40.9177090+02:00,0.0000,0.0000,1.4400,0.000,0.000,0.000,0.0000,0,0,0,-1178,95,11.2463799
27,13.823,2026-08-06T14:15:41.4233610+02:00,0.0000,0.0000,1.4400,0.000,0.000,0.000,0.0000,0,0,0,-935,95,11.3165731
28,14.324,2026-08-06T14:15:41.9240868+02:00,0.0000,0.0000,1.4400,0.000,0.000,0.000,0.0000,0,0,0,-869,95,11.3165731
29,14.831,2026-08-06T14:15:42.4305516+02:00,0.0000,0.0000,1.4400,0.000,0.000,0.000,0.0000,0,0,0,-867,95,32.2603645
30,15.334,2026-08-06T14:15:42.9334047+02:00,0.0000,0.0000,1.4400,0.000,0.000,0.000,0.0000,1,0,0,-942,95,32.2603645
31,15.836,2026-08-06T14:15:43.4350704+02:00,0.0000,0.0000,1.4400,0.000,0.000,0.000,0.0000,0,0,1,-857,94,53.2332153
32,16.340,2026-08-06T14:15:43.9397606+02:00,0.0000,0.0000,1.4400,0.000,0.000,0.000,0.0000,0,1,0,-794,94,53.2332153
33,16.842,2026-08-06T14:15:44.4413222+02:00,0.0000,0.0000,1.4400,0.000,0.000,0.000,0.0000,0,1,0,-568,95,54.0963745
34,17.342,2026-08-06T14:15:44.9421868+02:00,0.0000,0.0000,1.4400,0.000,0.000,0.000,0.0000,0,0,0,-648,95,54.0963745
35,17.851,2026-08-06T14:15:45.4505430+02:00,0.0000,0.0000,1.4400,0.000,0.000,0.000,0.0000,0,0,0,-745,95,55.4801979
36,18.356,2026-08-06T14:15:45.9545843+02:00,0.0000,0.0000,1.4400,0.000,0.000,0.000,0.0000,0,0,0,-908,95,55.4801979
37,18.858,2026-08-06T14:15:46.4561217+02:00,0.0000,0.0000,1.4400,0.000,0.000,0.000,0.0000,0,0,0,-908,94,55.4789658
38,19.362,2026-08-06T14:15:46.9605399+02:00,0.0000,0.0000,1.4400,0.000,0.000,0.000,0.0000,0,0,0,-874,94,55.4789658
39,19.865,2026-08-06T14:15:47.4682978+02:00,0.0000,0.0000,1.4400,0.000,0.000,0.000,0.0000,0,0,0,-784,92,43.8883095
40,20.369,2026-08-06T14:15:47.9688700+02:00,0.0000,0.0000,1.4400,0.000,0.000,0.000,0.0000,0,0,0,-165,92,43.8883095
41,20.875,2026-08-06T14:15:48.4749311+02:00,0.0000,0.0000,1.4400,0.000,0.000,0.000,0.0000,0,0,0,-940,92,41.5329361
42,21.379,2026-08-06T14:15:48.9780164+02:00,0.0000,0.0000,1.4400,0.000,0.000,0.000,0.0000,0,0,0,-925,92,41.5329361
43,21.882,2026-08-06T14:15:49.4823845+02:00,0.0000,0.0000,1.4400,0.000,0.000,0.000,0.0000,0,0,0,-893,91,18.4372406
44,22.393,2026-08-06T14:15:49.9923379+02:00,0.0000,0.0000,1.4400,0.000,0.000,0.000,0.0000,0,0,0,-726,91,18.4372406
45,22.897,2026-08-06T14:15:50.4969544+02:00,0.0000,0.0000,1.4400,0.000,0.000,0.000,0.0000,0,0,0,-777,90,16.5312023
46,23.398,2026-08-06T14:15:50.9978830+02:00,0.0000,0.0000,1.4400,0.000,0.000,0.000,0.0000,0,0,0,-830,90,16.5312023
47,23.907,2026-08-06T14:15:51.5067105+02:00,0.0000,0.0000,1.4400,0.000,0.000,0.000,0.0000,1,0,0,-830,90,9.32859993
48,24.412,2026-08-06T14:15:52.0113854+02:00,0.0000,0.0000,1.4400,0.000,0.000,0.000,0.0000,1,0,1,-697,89,9.97269344
49,24.916,2026-08-06T14:15:52.5139218+02:00,0.0000,0.0000,1.4400,0.000,0.000,0.000,0.0000,0,0,1,-687,89,9.97269344
50,25.419,2026-08-06T14:15:53.0184105+02:00,0.0000,0.0000,1.4400,0.000,0.000,0.000,0.0000,0,0,1,-349,89,22.2812843
51,25.921,2026-08-06T14:15:53.5199406+02:00,0.0000,0.0000,1.4400,0.000,0.000,0.000,0.0000,0,0,0,-1027,89,22.2812843
52,26.424,2026-08-06T14:15:54.0236993+02:00,0.0000,0.0000,1.4400,0.000,0.000,0.000,0.0000,0,0,1,-923,89,23.145031
53,26.934,2026-08-06T14:15:54.5322487+02:00,0.0000,0.0000,1.4400,0.000,0.000,0.000,0.0000,0,1,0,-2944,89,23.145031
54,27.436,2026-08-06T14:15:55.0355643+02:00,0.0000,0.0000,1.4400,0.000,0.000,0.000,0.0000,0,1,0,-536,89,23.145031
55,27.937,2026-08-06T14:15:55.5362507+02:00,0.0000,0.0000,1.4400,0.000,0.000,0.000,0.0000,0,1,0,-1180,89,23.145031
56,28.439,2026-08-06T14:15:56.0384031+02:00,0.0000,0.0000,1.4400,0.000,0.000,0.000,0.0000,0,1,0,-374,89,22.8934956
57,28.942,2026-08-06T14:15:56.5416517+02:00,0.0000,0.0000,1.4400,0.000,0.000,0.000,0.0000,0,1,0,-374,89,22.8934956
58,29.444,2026-08-06T14:15:57.0430415+02:00,0.0000,0.0000,1.4400,0.000,0.000,0.000,0.0000,0,1,0,-859,90,29.0188637
59,29.951,2026-08-06T14:15:57.5500842+02:00,0.0000,0.0000,1.4400,0.000,0.000,0.000,0.0000,0,1,0,-806,90,29.0188637
60,30.452,2026-08-06T14:15:58.0507155+02:00,0.0000,0.0000,1.4400,0.000,0.000,0.000,0.0000,0,1,0,-755,90,26.4424324
61,30.954,2026-08-06T14:15:58.5533368+02:00,0.0000,0.0000,1.4400,0.000,0.000,0.000,0.0000,0,1,0,-723,90,26.4424324
